Σχολείο/Δομή,Περιοχή,Διεύθυνση,Αναστολή έως και,Παρατηρήσεις:
66ο ΔΗΜΟΤΙΚΟ ΣΧΟΛΕΙΟ ΘΕΣΣΑΛΟΝΙΚΗΣ,ΘΕΣΣΑΛΟΝΙΚΗΣ,ΚΑΠΑΤΟΥ  8,29-10-2020,Αναστέλλει τη λειτουργία του το Ολοήμερο 3 έως και 28-10-2020 και η Ε' ΤΑΞΗ έως και 29-10-2020
1ο ΕΠΑΓΓΕΛΜΑΤΙΚΟ ΛΥΚΕΙΟ ΛΙΒΑΔΕΙΑΣ,ΛΕΒΑΔΕΩΝ,ΔΕΛΦΩΝ 24-26,30-10-2020,"Αναστέλλουν τη λειτουργία τους τα τμήματα Γ Αισθητικής, Γ Κομμωτικής & Γ Νοσηλευτικής"
28ο ΔΗΜΟΤΙΚΟ ΣΧΟΛΕΙΟ ΗΡΑΚΛΕΙΟΥ,ΗΡΑΚΛΕΙΟΥ,ΠΑΠΑΓΙΑΝΝΗ ΣΚΟΥΛΑ 10,02-11-2020,Αναστέλλουν τη λειτουργία τους τα τμήματα ΣΤ2 και Ολοήμερο 4
ΔΗΜΟΤΙΚΟ ΣΧΟΛΕΙΟ ΚΟΡΥΦΗΣ ΗΜΑΘΙΑΣ,ΑΛΕΞΑΝΔΡΕΙΑΣ,ΙΩΝΟΣ ΔΡΑΓΟΥΜΗ,30-10-2020,Αναστέλλουν τη λειτουργία τους τα τμήματα Γ1 και Γ2
10ο ΔΗΜΟΤΙΚΟ ΣΧΟΛΕΙΟ ΚΑΛΑΜΑΡΙΑΣ,ΚΑΛΑΜΑΡΙΑΣ,ΒΡΥΟΥΛΩΝ 51,27-10-2020,Αναστέλλουν τη λειτουργία τους τα τμήματα Β3 και 3ο Ολοήμερο Πρόγραμμα
ΗΜΕΡΗΣΙΟ ΓΕΝΙΚΟ ΛΥΚΕΙΟ Ν. ΜΟΥΔΑΝΙΩΝ ΧΑΛΚΙΔΙΚΗΣ,ΝΕΑΣ ΠΡΟΠΟΝΤΙΔΑΣ,ΑΘ.ΑΛΕΞΑΝΔΡΙΔΗ 61,26-10-2020,Αναστέλλουν τη λειτουργία τους τα τμήματα Β4 και Β2- Ανθρωπιστικών Σπουδών 
5ο ΓΥΜΝΑΣΙΟ ΩΡΑΙΟΚΑΣΤΡΟΥ (Λ.Τ.),ΩΡΑΙΟΚΑΣΤΡΟΥ,"16ο χλμ ΕΠΑΡΧΙΑΚΗΣ ΟΔΟΥ ΘΕΣ/ΝΙΚΗΣ ΜΕΛΙΣΣΟΧΩΡΙΟΥ, Σ",26-10-2020,"Αναστέλλουν τη λειτουργία τους τα τμήματα Α Γερμανικών, Β2 και Γ1"
ΓΕΝΙΚΟ ΛΥΚΕΙΟ ΦΙΛΥΡΟΥ,ΠΥΛΑΙΑΣ-ΧΟΡΤΙΑΤΗ,ΦΙΛΥΡΟ,27-10-2020,Αναστέλλουν τη λειτουργία τους τα τμήματα Β1 & Β Θετικής
24ο ΔΗΜΟΤΙΚΟ ΣΧΟΛΕΙΟ ΒΟΛΟΥ,ΒΟΛΟΥ,ΔΑΒΑΚΗ  76,31-10-2020,ΑΝΑΣΤΟΛΗ ΛΕΙΤΟΥΡΓΙΑΣ Β' ΤΑΞΗΣ
ΔΗΜΟΤΙΚΟ ΣΧΟΛΕΙΟ ΣΑΡΑΝΤΑΠΟΡΟΥ,ΕΛΑΣΣΟΝΑΣ,Σαραντάπορο,28-10-2020,
ΔΗΜΟΤΙΚΟ ΣΧΟΛΕΙΟ ΕΥΑΓΓΕΛΙΣΜΟY-EΛΑΣΣΟΝΑΣ,ΕΛΑΣΣΟΝΑΣ,ΕΥΑΓΓΕΛΙΣΜΟΣ- ΕΛΑΣΣΟΝΑΣ,28-10-2020,ΑΝΑΣΤΟΛΗ ΛΕΙΤΟΥΡΓΙΑΣ Ε' ΤΑΞΗΣ
10ο ΔΗΜΟΤΙΚΟ ΣΧΟΛΕΙΟ ΛΑΡΙΣΑΣ,ΛΑΡΙΣΑΙΩΝ,ΑΙΟΛΟΥ 2,01-11-2020,Αναστέλλει τη λειτουργία του το τμήμα ΣΤ2
2ο ΓΥΜΝΑΣΙΟ ΛΑΡΙΣΑΣ,ΛΑΡΙΣΑΙΩΝ,ΗΡΩΩΝ ΠΟΛΥΤΕΧΝΕΙΟΥ 189,29-10-2020,Αναστέλλει τη λειτουργία του το τμήμα Β6
1ο ΓΥΜΝΑΣΙΟ ΕΛΑΣΣΟΝΑΣ,ΕΛΑΣΣΟΝΑΣ,ΤΕΡΜΑ 1ης ΜΕΡΑΡΧΙΑΣ,29-10-2020,Αναστέλλουν τη λειτουργία τους τα τμήματα Γ2 και Γ3
1ο ΓΕΝΙΚΟ ΛΥΚΕΙΟ ΕΛΑΣΣΟΝΑΣ,ΕΛΑΣΣΟΝΑΣ,1ης  ΜΕΡΑΡΧΙΑΣ  ΤΕΡΜΑ,30-10-2020,"Αναστέλλει τη λειτουργία του το τμήμα Α2 έως και 29-10-2020 και τα τμήματα Α3, Β3, Β Ανθρωπιστικών & Β Γαλλικών έως και 30-10-2020"
ΔΗΜΟΤΙΚΟ ΣΧΟΛΕΙΟ ΠΛΑΤΑΝΟΡΡΕΥΜΑΤΟΣ,ΣΕΡΒΙΩΝ-ΒΕΛΒΕΝΤΟΥ,ΠΛΑΤΑΝΟΡΡΕΥΜΑ,29-10-2020,ΑΝΑΣΤΟΛΗ ΛΕΙΤΟΥΡΓΙΑΣ ΣΤ' ΤΑΞΗΣ
ΔΗΜΟΤΙΚΟ ΣΧΟΛΕΙΟ ΜΑΥΡΟΔΕΝΔΡΙΟΥ,ΚΟΖΑΝΗΣ,ΜΑΥΡΟΔΕΝΔΡΙ,28-10-2020,ΑΝΑΣΤΟΛΗ ΛΕΙΤΟΥΡΓΙΑΣ Ε' και ΣΤ' ΤΑΞΗΣ
8ο ΔΗΜΟΤΙΚΟ ΣΧΟΛΕΙΟ ΚΟΖΑΝΗΣ,ΚΟΖΑΝΗΣ,ΜΙΝΩΤΑΥΡΟΥ 4,28-10-2020,
ΗΜΕΡΗΣΙΟ ΓΥΜΝΑΣΙΟ ΣΕΡΒΙΩΝ ΚΟΖΑΝΗΣ,ΣΕΡΒΙΩΝ-ΒΕΛΒΕΝΤΟΥ,28ης ΟΚΤΩΒΡΙΟΥ 24Β,27-10-2020,Αναστέλλει τη λειτουργία του το τμήμα Β3
ΗΜΕΡΗΣΙΟ ΓΥΜΝΑΣΙΟ ΛΕΥΚΟΠΗΓΗΣ ΚΟΖΑΝΗΣ,ΚΟΖΑΝΗΣ,ΛΕΥΚΟΠΗΓΗ,27-10-2020,ΑΝΑΣΤΟΛΗ ΛΕΙΤΟΥΡΓΙΑΣ Β' ΤΑΞΗΣ
3ο ΔΗΜΟΤΙΚΟ ΣΧΟΛΕΙΟ ΓΑΣΤΟΥΝΗΣ,ΠΗΝΕΙΟΥ,ΚΑΡΑΪΣΚΟΥ 9,01-11-2020,ΑΝΑΣΤΟΛΗ ΛΕΙΤΟΥΡΓΙΑΣ Ε' ΤΑΞΗΣ
2ο ΝΗΠΙΑΓΩΓΕΙΟ ΘΑΣΟΥ,ΘΑΣΟΥ,ΘΑΣΟΣ,26-10-2020,Αναστέλλει τη λειτουργία του το τμήμα Πρωινό 2
24ο ΔΗΜΟΤΙΚΟ ΣΧΟΛΕΙΟ ΚΑΒΑΛΑΣ,ΚΑΒΑΛΑΣ,ΕΥΞΕΙΝΟΥ ΠΟΝΤΟΥ 7,26-10-2020,"Αναστέλλουν τη λειτουργία τους τα τμήματα A1, A2, Γ1, Δ1 και Δ2"
1ο ΔΗΜΟΤΙΚΟ ΣΧΟΛΕΙΟ ΘΑΣΟΥ,ΘΑΣΟΥ,"ΠΙΕΡ ΝΤΕ ΒΑΜΠΕΖ, 1",28-10-2020,Αναστέλλει τη λειτουργία του το τμήμα Ε1
1ο ΔΗΜΟΤΙΚΟ ΣΧΟΛΕΙΟ ΖΕΦΥΡΙΟΥ,ΦΥΛΗΣ,ΦΙΛΙΚΗΣ ΕΤΑΙΡΕΙΑΣ ΚΑΙ ΠΑΠΑΦΛΕΣΣΑ 1,29-10-2020,Αναστέλλει τη λειτουργία του το τμήμα Α2
26ο ΔΗΜΟΤΙΚΟ ΣΧΟΛΕΙΟ ΚΑΛΛΙΘΕΑΣ,ΚΑΛΛΙΘΕΑΣ,Αγίας Ελεούσας 28,28-10-2020,
10ο ΔΗΜΟΤΙΚΟ ΣΧΟΛΕΙΟ ΚΑΛΛΙΘΕΑΣ,ΚΑΛΛΙΘΕΑΣ,ΑΧΙΛΛΕΩΣ 23,28-10-2020,Αναστέλλουν τη λειτουργία τους τα τμήματα Δ1 και Δ2
22ο ΔΗΜΟΤΙΚΟ ΣΧΟΛΕΙΟ ΠΕΡΙΣΤΕΡΙΟΥ,ΠΕΡΙΣΤΕΡΙΟΥ,ΕΘΝΙΚΗΣ ΑΝΤΙΣΤΑΣΕΩΣ 101,26-10-2020,Αναστέλλει τη λειτουργία του το τμήμα Δ2
6/Θ ΠΕΙΡΑΜΑΤΙΚΟ ΔΗΜΟΤΙΚΟ ΣΧΟΛΕΙΟ ΠΑΝΕΠΙΣΤΗΜΙΟΥ ΑΘΗΝΩΝ - Π.Σ.Π.Α.,ΑΘΗΝΑΙΩΝ,Σκουφά 43,27-10-2020,ΑΝΑΣΤΟΛΗ ΛΕΙΤΟΥΡΓΙΑΣ Γ' ΤΑΞΗΣ και Ολοήμερο 2
ΙΔΙΩΤΙΚΟ ΔΗΜΟΤΙΚΟ ΕΚΠΑΙΔΕΥΤΗΡΙΑ ΓΕΙΤΟΝΑ ΑΕΜΕ,ΒΑΡΗΣ - ΒΟΥΛΑΣ - ΒΟΥΛΙΑΓΜΕΝΗΣ,ΣΤΕΡΝΙΖΕΣ ΚΟΡΩΠΙΟΥ,30-10-2020,"Αναστέλλουν τη λειτουργία τους τα τμήματα ΣΤ4, Αγγλικών (ENGL 5) & Γαλλικών (FR 2)"
4ο ΔΗΜΟΤΙΚΟ ΣΧΟΛΕΙΟ ΒΥΡΩΝΑ - ΕΛ. ΓΛΥΚΑΤΖΗ-ΑΡΒΕΛΕΡ,ΒΥΡΩΝΟΣ,ΕΛΛΗΝΩΝ ΑΞΙΩΜΑΤΙΚΩΝ 8,27-10-2020,Αναστέλλει τη λειτουργία του το τμήμα Α2
3ο ΔΗΜΟΤΙΚΟ ΣΧΟΛΕΙΟ ΑΘΗΝΩΝ,ΑΘΗΝΑΙΩΝ,ΕΜΠΕΔΟΚΛΕΟΥΣ 12,27-10-2020,Αναστέλλουν τη λειτουργία τους τα τμήματα Δ2 και Ολοήμερο 3
ΙΔΙΩΤΙΚΟ ΛΥΚΕΙΟ ΘΕΜΙΣΤΟΚΛΗΣ,ΠΕΙΡΑΙΩΣ,ΚΟΥΜΟΥΝΔΟΥΡΟΥ 175,29-10-2020,Αναστέλλει τη λειτουργία του το τμήμα Α1
"ΙΔΙΩΤΙΚΟ ΓΥΜΝΑΣΙΟ ""ΘΕΜΙΣΤΟΚΛΗΣ""",ΠΕΙΡΑΙΩΣ,Κουμουνδούρου 175,28-10-2020,Αναστέλλει τη λειτουργία του το τμήμα Γ1
8ο ΓΕΝΙΚΟ ΛΥΚΕΙΟ ΠΕΙΡΑΙΑ,ΠΕΙΡΑΙΩΣ,ΔΗΜΗΤΡΑΚΟΠΟΥΛΟΥ 116,30-10-2020,Αναστέλλει τη λειτουργία του το τμήμα Α4
5ο ΓΥΜΝΑΣΙΟ ΚΕΡΑΤΣΙΝΙΟΥ,ΚΕΡΑΤΣΙΝΙΟΥ - ΔΡΑΠΕΤΣΩΝΑΣ,ΣΩΚΡΑΤΟΥΣ  217,29-10-2020,Αναστέλλει τη λειτουργία του το τμήμα Β1 έως και 23-10-2020 και το τμήμα Β4 έως και 29-10-2020
2ο ΓΥΜΝΑΣΙΟ ΚΕΡΑΤΣΙΝΙΟΥ,ΚΕΡΑΤΣΙΝΙΟΥ - ΔΡΑΠΕΤΣΩΝΑΣ,ΔΕΜΕΡΤΖΗ ΚΑΙ ΕΛΛΗΣ 1,30-10-2020,Αναστέλλουν τη λειτουργία τους τα τμήματα Γ1 και Γ2
1ο ΕΠΑΛ ΔΡΑΠΕΤΣΩΝΑΣ,ΚΕΡΑΤΣΙΝΙΟΥ - ΔΡΑΠΕΤΣΩΝΑΣ,Μ. ΜΠΟΤΣΑΡΗ 124,28-10-2020,Αναστέλλει τη λειτουργία του το τμήμα Α3
12ο ΓΥΜΝΑΣΙΟ ΠΕΡΙΣΤΕΡΙΟΥ,ΠΕΡΙΣΤΕΡΙΟΥ,ΦΙΛΙΚΩΝ 37,30-10-2020,Αναστέλλει τη λειτουργία του το τμήμα Γ1
3ο ΓΕΝΙΚΟ ΛΥΚΕΙΟ ΑΜΑΡΟΥΣΙΟΥ,ΑΜΑΡΟΥΣΙΟΥ,ΚΥΡΙΛΟΥ ΚΑΙ ΠΕΛΙΚΑ,01-11-2020,Αναστέλλει τη λειτουργία του το τμήμα Α5
ΙΔΙΩΤΙΚΟ ΓΕΝΙΚΟ ΛΥΚΕΙΟ ΩΘΗΣΗ,ΔΙΟΝΥΣΟΥ,ΜΑΡΜΑΡΑ  7-9,30-10-2020,Αναστέλλουν τη λειτουργία τους τα τμήματα Α2 και ΑΕ1
ΕΚΠΑΙΔΕΥΤΗΡΙΑ ΓΕΙΤΟΝΑ ΑΕΜΕ,ΒΑΡΗΣ - ΒΟΥΛΑΣ - ΒΟΥΛΙΑΓΜΕΝΗΣ,ΣΤΕΡΝΙΖΕΣ ΚΟΡΩΠΙΟΥ,30-10-2020,"Αναστέλλουν τη λειτουργία τους τα τμήματα Β1, ΕΝ3 Αγγλικών & FR1 Γαλλικών"
6ο ΓΥΜΝΑΣΙΟ ΑΧΑΡΝΩΝ,ΑΧΑΡΝΩΝ,Φιλιατών 1 και Ροδόπης,30-10-2020,Αναστέλλουν τη λειτουργία τους τα τμήματα Β3 και Γ1
2ο ΓΕΝΙΚΟ ΛΥΚΕΙΟ ΒΟΥΛΑΣ,ΒΑΡΗΣ - ΒΟΥΛΑΣ - ΒΟΥΛΙΑΓΜΕΝΗΣ,ΠΡΟΟΔΟΥ - ΒΟΥΛΙΑΓΜΕΝΗΣ,29-10-2020,Αναστέλλουν τη λειτουργία τους τα τμήματα Β4 και Β Θετ. 2
68ο ΗΜΕΡΗΣΙΟ ΓΥΜΝΑΣΙΟ ΑΘΗΝΩΝ,ΑΘΗΝΑΙΩΝ,ΘΥΣΣΟΥ ΚΑΙ ΑΒΙΑΣ,29-10-2020,Αναστέλλει τη λειτουργία του το τμήμα Α1
60ο ΓΥΜΝΑΣΙΟ ΑΘΗΝΑΣ,ΑΘΗΝΑΙΩΝ,ΡΗΝΕΙΑΣ  2-4,27-10-2020,Αναστέλλει τη λειτουργία του το τμήμα Α1
5ο ΓΥΜΝΑΣΙΟ ΖΩΓΡΑΦΟΥ,ΖΩΓΡΑΦΟΥ,"ΜΕΓ. ΑΛΕΞΑΝΔΡΟΥ ΚΑΙ ΚΟΡΥΤΣΑΣ, ΓΟΥΔΗ",29-10-2020,Αναστέλλει τη λειτουργία του το τμήμα Β3
59ο ΓΕΝΙΚΟ ΛΥΚΕΙΟ ΑΘΗΝΩΝ,ΑΘΗΝΑΙΩΝ,ΣΕΚΟΥΝΔΟΥ 10,27-10-2020,Αναστέλλουν τη λειτουργία τους τα τμήματα Β2 και Β Θετ. 2
50ο ΓΥΜΝΑΣΙΟ ΑΘΗΝΩΝ,ΑΘΗΝΑΙΩΝ,ΧΑΤΖΗΑΠΟΣΤΟΛΟΥ 74-76 ΚΑΙ ΔΟΡΔΟΥ,28-10-2020,Αναστέλλει τη λειτουργία του το τμήμα Γ3
1ο ΠΡΟΤΥΠΟ ΓΕΝΙΚΟ ΛΥΚΕΙΟ ΑΘΗΝΩΝ - ΓΕΝΝΑΔΕΙΟ,ΑΘΗΝΑΙΩΝ,ΗΠΙΤΟΥ 15,26-10-2020,"Αναστέλλουν τη λειτουργία τους τα τμήματα A2, Γ1 & Γ Πλρ. - Οικ."
2ο ΔΗΜΟΤΙΚΟ ΣΧΟΛΕΙΟ ΕΛΑΣΣΟΝΑΣ,ΕΛΑΣΣΟΝΑΣ,1ης  ΜΕΡΑΡΧΙΑΣ ΤΕΡΜΑ,28-10-2020,"Αναστέλλουν τη λειτουργία τους τα τμήματα A1, A2, B2 και E2"
18ο ΔΗΜΟΤΙΚΟ ΣΧΟΛΕΙΟ ΤΡΙΚΑΛΩΝ,ΤΡΙΚΚΑΙΩΝ,ΚΗΠΑΚΙ,29-10-2020,Αναστέλλει τη λειτουργία του το τμήμα Ε1
35ο ΔΗΜΟΤΙΚΟ ΣΧΟΛΕΙΟ ΤΡΙΚΑΛΩΝ,ΤΡΙΚΚΑΙΩΝ,ΜΑΚΡΟΝΗΣΟΥ ΚΑΙ ΙΘΑΚΗΣ,29-10-2020,ΑΝΑΣΤΟΛΗ ΛΕΙΤΟΥΡΓΙΑΣ Γ' ΤΑΞΗΣ
4ο ΝΗΠΙΑΓΩΓΕΙΟ ΤΡΙΚΑΛΩΝ,ΤΡΙΚΚΑΙΩΝ,ΠΕΜΠΤΗ ΠΑΡ ΚΑΛΑΜΠΑΚΑΣ,31-10-2020,
27ο ΔΗΜΟΤΙΚΟ ΣΧΟΛΕΙΟ ΤΡΙΚΑΛΩΝ - ΑΡΙΣΤΕΙΔΗΣ ΠΑΠΠΑΣ,ΤΡΙΚΚΑΙΩΝ,ΕΥΚΛΗ 13,28-10-2020,Αναστέλλει τη λειτουργία του το τμήμα Δ1
1ο ΓΕΝΙΚΟ ΛΥΚΕΙΟ ΑΙΓΑΛΕΩ,ΑΙΓΑΛΕΩ,ΠΑΠΑΝΙΚΟΛΗ 14,31-10-2020,Αναστέλλουν τη λειτουργία τους τα τμήματα Γ2 & Κατεύθυνσης Γ Ανθρωπιστικών Σπουδών 2 έως και 27-10-2020 και το τμήμα Α3 έως και 31-10-2020
7ο ΓΥΜΝΑΣΙΟ ΤΡΙΚΑΛΩΝ,ΤΡΙΚΚΑΙΩΝ,ΣΥΡΟΥ 50,01-11-2020,Αναστέλλει τη λειτουργία του το τμήμα Α3
2ο ΓΕΝΙΚΟ ΛΥΚΕΙΟ ΝΕΑΣ ΙΩΝΙΑΣ,ΝΕΑΣ ΙΩΝΙΑΣ,ΑΝΔΡΕΑ ΚΑΛΒΟΥ 103,01-11-2020,Αναστέλλει τη λειτουργία του το τμήμα Α1
4ο ΓΕΝΙΚΟ ΛΥΚΕΙΟ ΤΡΙΚΑΛΩΝ - ΑΛΕΞΑΝΔΡΟΣ ΠΑΠΑΔΙΑΜΑΝΤΗΣ,ΤΡΙΚΚΑΙΩΝ,Ζηνοδότου 4,01-11-2020,
1ο ΓΥΜΝΑΣΙΟ ΑΡΓΟΥΣ ΟΡΕΣΤΙΚΟΥ ΚΑΣΤΟΡΙΑ,ΟΡΕΣΤΙΔΟΣ,ΠΑΥΛΟΥ ΜΕΛΑ 2,29-10-2020,Αναστέλλει τη λειτουργία του το τμήμα Β2 έως και 19-10-2020 και το τμήμα Γ1 έως και 29-10-2020
ΕΙΔΙΚΟ ΔΗΜΟΤΙΚΟ ΣΧΟΛΕΙΟ ΗΡΑΚΛΕΙΟ-ΚΡΗΤΗΣ - ΕΙΔΙΚΟ ΔΗΜΟΤΙΚΟ ΣΧΟΛΕΙΟ ΚΩΦΩΝ ΒΑΡΗΚΟΩΝ ΗΡΑΚΛΕΙΟΥ,ΗΡΑΚΛΕΙΟΥ,ΓΕΡΟΥΛΑΝΟΥ 32,29-10-2020,
57ο ΔΗΜΟΤΙΚΟ ΣΧΟΛΕΙΟ ΗΡΑΚΛΕΙΟΥ,ΗΡΑΚΛΕΙΟΥ,ΠΑΠΑΓΙΑΝΝΗ ΣΚΟΥΛΑ 10,29-10-2020,Αναστέλλει τη λειτουργία του το τμήμα ΣΤ2
2ο ΛΥΚΕΙΟ ΗΡΑΚΛΕΙΟ,ΗΡΑΚΛΕΙΟΥ,Ι.  ΚΟΝΔΥΛΑΚΗ 32,27-10-2020,Αναστέλλει τη λειτουργία του το τμήμα Β5
3ο ΓΕΝΙΚΟ ΛΥΚΕΙΟ ΓΙΑΝΝΙΤΣΩΝ - ΑΙΚΑΤΕΡΙΝΗ ΒΑΡΕΛΑ,ΠΕΛΛΑΣ,ΠΕΝΤΑΠΛΑΤΑΝΟΣ,29-10-2020,Αναστέλλουν τη λειτουργία τους τα τμήματα Γ1 και Γ Ανθρωπιστικών Σπουδών 1
3ο ΓΥΜΝΑΣΙΟ ΓΙΑΝΝΙΤΣΩΝ ΠΕΛΛΑΣ,ΠΕΛΛΑΣ,Κ. ΒΑΡΝΑΛΗ 1,30-10-2020,
ΗΜΕΡΗΣΙΟ ΓΥΜΝΑΣΙΟ ΠΡΟΜΑΧΟΙ,ΑΛΜΩΠΙΑΣ,ΠΡΟΜΑΧΟΙ,28-10-2020,Αναστέλλουν τη λειτουργία τους τα τμήματα Α1 και Α2
8ο ΓΕΝΙΚΟ ΛΥΚΕΙΟ ΤΡΙΚΑΛΩΝ,ΤΡΙΚΚΑΙΩΝ,ΙΘΑΚΗΣ 58,27-10-2020,"Αναστέλλουν τη λειτουργία τους τα τμήματα Β1, Β2 και Β3"
47ο ΔΗΜΟΤΙΚΟ ΣΧΟΛΕΙΟ ΗΡΑΚΛΕΙΟΥ ΚΡΗΤΗΣ,ΗΡΑΚΛΕΙΟΥ,ΚΡΑΣΑΔΑΚΗ 19,29-10-2020,Αναστέλλει τη λειτουργία του το τμήμα ΣΤ1
1ο ΓΕΝΙΚΟ ΛΥΚΕΙΟ ΑΓΙΑΣ ΠΑΡΑΣΚΕΥΗΣ,ΑΓΙΑΣ ΠΑΡΑΣΚΕΥΗΣ,ΝΕΑΠΟΛΕΩΣ 5,29-10-2020,Αναστέλλουν τη λειτουργία τους τα τμήματα Γ1 και Γ Υγείας
3ο ΓΥΜΝΑΣΙΟ ΚΑΣΤΟΡΙΑΣ - ΓΕΡΜΑΝΟΣ ΚΑΡΑΒΑΓΓΕΛΗΣ,ΚΑΣΤΟΡΙΑΣ,ΑΓ. ΒΑΡΒΑΡΑΣ 13,29-10-2020,Αναστέλλει τη λειτουργία του το τμήμα Γ2 έως και 28-10-2020 και το τμήμα Β3 έως και 29-10-2020
ΝΗΠΙΑΓΩΓΕΙΟ ΑΜΠΕΛΩΝΟΣ,ΠΥΡΓΟΥ,ΑΜΠΕΛΩΝΑΣ,26-10-2020,
ΝΗΠΙΑΓΩΓΕΙΟ ΒΡΙΝΑ,ΑΝΔΡΙΤΣΑΙΝΑΣ-ΚΡΕΣΤΕΝΩΝ,ΒΡΙΝΑ,28-10-2020,
2ο ΓΕΝΙΚΟ ΛΥΚΕΙΟ ΚΟΖΑΝΗΣ,ΚΟΖΑΝΗΣ,ΑΝΔΡΕΑ ΚΑΛΒΟΥ 1,27-10-2020,
2ο ΔΗΜΟΤΙΚΟ ΣΧΟΛΕΙΟ ΕΥΚΑΡΠΙΑΣ,ΠΑΥΛΟΥ ΜΕΛΑ,ΠΑΠΑΝΑΣΤΑΣΙΟΥ 1,27-10-2020,Αναστέλλει τη λειτουργία του το τμήμα Β2
ΙΔΙΩΤΙΚΟ ΣΥΣΤΕΓΑΖΟΜΕΝΟ ΝΗΠΙΑΓΩΓΕΙΟ ΒΙΛΛΑ ΑΙΜΙΛΙΑ,ΦΙΛΟΘΕΗΣ - ΨΥΧΙΚΟΥ,ΛΕΩΦ. ΔΗΜΟΚΡΑΤΙΑΣ 17,27-10-2020,Αναστέλλει τη λειτουργία του το Νηπιακό Β τμήμα
4ο ΔΗΜΟΤΙΚΟ ΣΧΟΛΕΙΟ ΣΕΡΒΙΩΝ ΚΟΖΑΝΗΣ,ΣΕΡΒΙΩΝ-ΒΕΛΒΕΝΤΟΥ,ΣΟΛΩΝΟΣ ΚΑΙ 6ΗΣ ΜΑΡΤΙΟΥ,27-10-2020,Αναστέλλει τη λειτουργία του το τμήμα ΣΤ1
1ο ΓΥΜΝΑΣΙΟ ΝΑΞΟΥ,ΝΑΞΟΥ & ΜΙΚΡΩΝ ΚΥΚΛΑΔΩΝ,ΠΑΠΑΒΑΣΙΛΕΙΟΥ,26-10-2020,Αναστέλλει τη λειτουργία του το τμήμα Γ3
1ο ΓΥΜΝΑΣΙΟ ΝΕΑΣ ΙΩΝΙΑΣ,ΝΕΑΣ ΙΩΝΙΑΣ,ΑΒΕΡΩΦ ΚΑΙ ΠΑΠΑΦΛΕΣΣΑ 2-6,27-10-2020,Αναστέλλει τη λειτουργία του το τμήμα Γ1
3ο ΔΗΜΟΤΙΚΟ ΣΧΟΛΕΙΟ ΑΓΙΑΣ ΠΑΡΑΣΚΕΥΗΣ,ΑΓΙΑΣ ΠΑΡΑΣΚΕΥΗΣ,ΜΠΟΥΜΠΟΥΛΙΝΑΣ 4,27-10-2020,Αναστέλλει τη λειτουργία του το τμήμα ΣΤ2
ΕΙΔΙΚΟ ΓΥΜΝΑΣΙΟ ΙΛΙΟΥ - ΠΡΩΗΝ ΑΝΑΠΗΡΩΝ ΠΑΙΔΩΝ,ΙΛΙΟΥ (ΝΕΩΝ ΛΙΟΣΙΩΝ),ΣΠΥΡΟΥ ΘΕΟΛΟΓΟΥ 1,27-10-2020,
1ο ΕΠΑΛ ΑΣΠΡΟΠΥΡΓΟΥ,ΑΣΠΡΟΠΥΡΓΟΥ,ΚΡΙΕΖΗ ΚΑΙ ΑΘ.ΔΙΑΚΟΥ,26-10-2020,Αναστέλλουν τη λειτουργία τους τα τμήματα Γ2 & Γ Πλοιάρχων
3ο ΝΗΠΙΑΓΩΓΕΙΟ ΜΕΤΑΜΟΡΦΩΣΗΣ,ΜΕΤΑΜΟΡΦΩΣΕΩΣ,ΗΛΕΙΑΣ 27,28-10-2020,Αναστέλλουν τη λειτουργία τους τα τμήματα 2ο Υποχρεωτικό & Ολοήμερο
1ο ΕΠΑΛ ΚΟΥΦΑΛΙΩΝ,ΧΑΛΚΗΔΟΝΟΣ,ΤΕΡΜΑ ΤΖΙΒΑΡΟΠΟΥΛΟΥ,25-10-2020,Αναστέλλουν τη λειτουργία τους τα τμήματα Γ1 & Γ Τροφίμων
ΕΙΔΙΚΟ ΛΥΚΕΙΟ ΙΛΙΟΝ,ΙΛΙΟΥ (ΝΕΩΝ ΛΙΟΣΙΩΝ),Λ. ΧΑΣΙΑΣ & Σ. ΘΕΟΛΟΓΟΥ 1 (Ε.Κ.Α.),27-10-2020,
17ο ΔΗΜΟΤΙΚΟ ΣΧΟΛΕΙΟ ΤΡΙΚΑΛΩΝ,ΤΡΙΚΚΑΙΩΝ,ΚΟΚΚΙΝΟΣ ΠΥΡΓΟΣ,26-10-2020,ΑΝΑΣΤΟΛΗ ΛΕΙΤΟΥΡΓΙΑΣ Γ' ΤΑΞΗΣ
25ο ΔΗΜΟΤΙΚΟ ΣΧΟΛΕΙΟ ΤΡΙΚΑΛΩΝ,ΤΡΙΚΚΑΙΩΝ,ΑΛΩΝΙΑ ΜΠΑΡΑΣ,26-10-2020,ΑΝΑΣΤΟΛΗ ΛΕΙΤΟΥΡΓΙΑΣ Γ' ΤΑΞΗΣ
1ο ΕΠΑΛ ΓΙΑΝΝΙΤΣΩΝ,ΠΕΛΛΑΣ,ΠΕΝΤΑΠΛΑΤΑΝΟΣ,28-10-2020,ΑΝΑΣΤΟΛΗ ΛΕΙΤΟΥΡΓΙΑΣ Β' ΤΑΞΗΣ
41ο ΓΥΜΝΑΣΙΟ ΑΘΗΝΩΝ,ΑΘΗΝΑΙΩΝ,ΠΑΤΜΟΥ 11-13,21-10-2020,Αναστέλλει τη λειτουργία του το τμήμα Γ3
8ο ΔΗΜΟΤΙΚΟ ΣΧΟΛΕΙΟ ΝΕΑΣ ΦΙΛΑΔΕΛΦΕΙΑΣ,ΦΙΛΑΔΕΛΦΕΙΑΣ - ΧΑΛΚΗΔΟΝΟΣ,ΜΑΙΑΝΔΡΟΥ 85,25-10-2020,Αναστέλλουν τη λειτουργία τους τα τμήματα Α2 & Β1
5ο ΓΥΜΝΑΣΙΟ ΠΕΡΙΣΤΕΡΙΟΥ,ΠΕΡΙΣΤΕΡΙΟΥ,ΚΑΤΣΑΝΤΩΝΗ 16,28-10-2020,Αναστέλλουν τη λειτουργία τους τα τμήματα Γ1 & Γ2
4ο ΔΗΜΟΤΙΚΟ ΣΧΟΛΕΙΟ ΑΣΠΡΟΠΥΡΓΟΥ,ΑΣΠΡΟΠΥΡΓΟΥ,ΤΕΡΜΑ ΚΡΙΕΖΗ,26-10-2020,"Αναστέλλουν τη λειτουργία τους τα τμήματα Γ1, Ε1 & 1ο Τμήμα Ολοήμερου"
41ο ΔΗΜΟΤΙΚΟ ΣΧΟΛΕΙΟ ΑΘΗΝΩΝ,ΑΘΗΝΑΙΩΝ,ΒΑΡΒΑΚΗ 23,25-10-2020,Αναστέλλει τη λειτουργία του το τμήμα Ε2
1ο ΓΕΝΙΚΟ ΛΥΚΕΙΟ ΑΣΠΡΟΠΥΡΓΟΥ,ΑΣΠΡΟΠΥΡΓΟΥ,ΑΓΙΑΣ ΜΑΡΙΝΗΣ 21,27-10-2020,Αναστέλλουν τη λειτουργία τους τα τμήματα Γ3 & ΓΟΠ1
ΓΥΜΝΑΣΙΟ ΑΝΟΙΞΗ,ΔΙΟΝΥΣΟΥ,ΚΑΝΑΡΗ 2-4,26-10-2020,Αναστέλλει τη λειτουργία του το τμήμα Α2
3ο ΔΗΜΟΤΙΚΟ ΣΧΟΛΕΙΟ ΜΕΤΑΜΟΡΦΩΣΗΣ,ΜΕΤΑΜΟΡΦΩΣΕΩΣ,ΚΟΖΑΝΗΣ 16,28-10-2020,Αναστέλλει τη λειτουργία του το τμήμα Γ2
2ο  ΔΗΜΟΤΙΚΟ ΣΧΟΛΕΙΟ ΤΑΥΡΟΥ,ΜΟΣΧΑΤΟΥ - ΤΑΥΡΟΥ,Λ. ΕΙΡΗΝΗΣ ΚΑΙ ΜΑΚΕΔΟΝΙΑΣ,26-10-2020,Αναστέλλει τη λειτουργία του το τμήμα ΣΤ2
5ο ΓΥΜΝΑΣΙΟ ΛΑΡΙΣΑΣ - ΝΙΚΗΦΟΡΟΣ ΘΕΟΤΟΚΗΣ,ΛΑΡΙΣΑΙΩΝ,ΙΟΥΣΤΙΝΙΑΝΟΥ ΚΑΙ  ΒΟΥΤΣΙΛΑ,29-10-2020,Αναστέλλει τη λειτουργία του το τμήμα Γ4
ΕΠΑΛ ΤΗΝΟΥ,ΤΗΝΟΥ,ΑΓΙΑ ΠΑΡΑΣΚΕΥΗ 5,29-10-2020,Αναστέλλει τη λειτουργία του το τμήμα Γ1
54ο ΔΗΜΟΤΙΚΟ ΣΧΟΛΕΙΟ ΠΑΤΡΩΝ,ΠΑΤΡΕΩΝ,ΚΟΜΝΗΝΩΝ ΚΑΙ ΒΕΤΣΟΥ,26-10-2020,Αναστέλλει τη λειτουργία του το τμήμα Β1
14ο ΕΣΠΕΡΙΝΟ ΕΠΑΛ ΘΕΣΣΑΛΟΝΙΚΗΣ,ΘΕΣΣΑΛΟΝΙΚΗΣ,ΚΑΤΣΙΜΙΔΗ 11,26-10-2020,Αναστέλλει τη λειτουργία του το τμήμα Α2
9ο ΔΗΜΟΤΙΚΟ ΣΧΟΛΕΙΟ ΑΧΑΡΝΩΝ,ΑΧΑΡΝΩΝ,ΑΓΙΑΣ ΑΝΝΑΣ 45,28-10-2020,Αναστέλλει τη λειτουργία του το τμήμα Γ1
2ο ΔΗΜΟΤΙΚΟ ΣΧΟΛΕΙΟ ΥΜΗΤΤΟΥ,ΔΑΦΝΗΣ - ΥΜΗΤΤΟΥ,ΔΟΡΥΛΑΙΟΥ 2-4,26-10-2020,Αναστέλλει τη λειτουργία του το τμήμα A2 έως και 25-10-2020 και το τμήμα A1 έως και 26-10-2020
ΣΧΟΛΗ Ι.Μ.ΠΑΝΑΓΙΩΤΟΠΟΥΛΟΥ ΕΛΛΗΝΙΚΟ ΕΚΠΑΙΔΕΥΤΗΡΙΟ (ΓΥΜΝΑΣΙΟ),ΠΑΛΛΗΝΗΣ,ΝΙΚΟΛΑΟΥ ΜΙΛΗΣΗ 3,23-10-2020,"Αναστέλλουν τη λειτουργία τους τα τμήματα B2, B1-B2-B3 (Αγγλικών, Γαλλικών)"
6ο ΓΥΜΝΑΣΙΟ ΚΟΖΑΝΗΣ,ΚΟΖΑΝΗΣ,ΑΗΛΙΟΣΤΡΑΤΑΣ 21,26-10-2020,Αναστέλλει τη λειτουργία του το τμήμα Α4
ΙΔΙΩΤΙΚΟ ΓΥΜΝΑΣΙΟ- ΕΛΛΗΝΙΚΟ ΚΟΛΛΕΓΙΟ ΘΕΣΣΑΛΟΝΙΚΗΣ,ΘΕΣΣΑΛΟΝΙΚΗΣ,ΔΡΟΣΙΑ ΘΕΡΜΗΣ,22-10-2020,Αναστέλλει τη λειτουργία του το τμήμα Α1
1ο ΓΥΜΝΑΣΙΟ ΕΛΛΗΝΙΚΟΥ - ΡΗΓΑΣ ΦΕΡΑΙΟΣ,ΕΛΛΗΝΙΚΟΥ - ΑΡΓΥΡΟΥΠΟΛΗΣ,ΤΡΙΑΚΟΣΤΗ ΤΡΙΤΗ 20,26-10-2020,
7ο ΓΥΜΝΑΣΙΟ ΧΑΪΔΑΡΙΟΥ - ΝΕΑ ΦΩΚΑΙΑ,ΧΑΪΔΑΡΙΟΥ,ΗΛΙΑ ΒΕΝΕΖΗ 24,26-10-2020,Αναστέλλει τη λειτουργία του το τμήμα Γ3
ΝΗΠΙΑΓΩΓΕΙΟ ΑΓΙΟΥ ΝΙΚΟΛΑΟΥ,ΣΙΘΩΝΙΑΣ,ΑΓΙΟΣ ΝΙΚΟΛΑΟΣ,27-10-2020,
ΔΩΔΩΝΑΙΑ ΕΚΠΑΙΔΕΥΤΗΡΙΑ - ΙΔΙΩΤΙΚΟ ΛΥΚΕΙΟ ΙΩΑΝΝΙΝΩΝ,ΙΩΑΝΝΙΤΩΝ,ΔΙΟΝΥΣΟΥ 4,27-10-2020,Αναστέλλει τη λειτουργία του το τμήμα Α3
ΙΔΙΩΤΙΚΟ ΓΕΝΙΚΟ ΛΥΚΕΙΟ ΧΑΪΔΑΡΙΟΥ - ΙΔΙΩΤΙΚΑ ΕΚΠΑΙΔΕΥΤΗΡΙΑ ΠΟΛΥΤΡΟΠΗ ΑΡΜΟΝΙΑ,ΧΑΪΔΑΡΙΟΥ,ΣΩΚΡΑΤΟΥΣ 65,26-10-2020,Αναστέλλει τη λειτουργία του το τμήμα Γ2
2ο ΔΗΜΟΤΙΚΟ ΣΧΟΛΕΙΟ ΡΑΦΗΝΑΣ,ΡΑΦΗΝΑΣ - ΠΙΚΕΡΜΙΟΥ,ΛΕΩΦΟΡΟΣ ΜΑΡΑΘΩΝΟΣ 103,26-10-2020,Αναστέλλουν τη λειτουργία τους τα τμήματα Δ2 και Ε2
27ο ΔΗΜΟΤΙΚΟ ΣΧΟΛΕΙΟ ΛΑΡΙΣΑΣ,ΛΑΡΙΣΑΙΩΝ,ΗΡΑΚΛΕΙΑΝΟΥ 36,25-10-2020,Αναστέλλουν τη λειτουργία τους τα τμήματα ΣΤ3 & Β Ξένης Γλώσσας Γερμανικών
ΙΔΙΩΤΙΚΟ ΔΗΜΟΤΙΚΟ - ΚΟΛΛΕΓΙΟ ΨΥΧΙΚΟΥ (ΛΑΤΣΕΙΟ),ΡΑΦΗΝΑΣ - ΠΙΚΕΡΜΙΟΥ,ΚΑΝΤΖΑ,27-10-2020,Αναστέλλει τη λειτουργία του το τμήμα Α1Β
ΕΕΕΕΚ ΠΑΡΑΜΥΘΙΑΣ,ΣΟΥΛΙΟΥ,ΠΑΡΑΜΥΘΙΑ,28-10-2020,
ΙΔΙΩΤΙΚΟ ΔΗΜΟΤΙΚΟ ΣΧΟΛΗΣ Ι.Μ.ΠΑΝΑΓΙΩΤΟΠΟΥΛΟΥ,ΠΑΛΛΗΝΗΣ,Ν. ΜΙΛΗΣΗ  3,23-10-2020,Αναστέλλει τη λειτουργία του το τμήμα Ε2
ΜΟΥΣΙΚΟ ΣΧΟΛΕΙΟ ΑΘΗΝΑΣ,ΑΘΗΝΑΙΩΝ,ΔΡΑΚΟΝΤΟΣ 37,26-10-2020,Αναστέλλει τη λειτουργία του το τμήμα Α2
1ο ΕΠΑΛ ΑΡΝΑΙΑΣ ΧΑΛΚΙΔΙΚΗΣ,ΑΡΙΣΤΟΤΕΛΗ,ΑΡΝΑΙΑ,27-10-2020,Αναστέλλουν τη λειτουργία τους τα τμήματα Γ1 & Ειδικότητας ΤΕΧΝΙΚΟΣ ΕΦΑΡΜΟΓΩΝ ΠΛΗΡΟΦΟΡΙΚΗΣ
1ο ΕΠΑΛ ΓΡΕΒΕΝΩΝ,ΓΡΕΒΕΝΩΝ,ΠΡΩΤΟ ΧΙΛΙΟΜΕΤΡΟ ΕΘΝΙΚΗΣ ΟΔΟΥ ΓΡΕΒΕΝΩΝ ΚΟΖΑΝΗΣ,23-10-2020,Αναστέλλουν τη λειτουργία τους τα τμήματα Β3 και Β Τομέα Διοίκησης και Οικονομίας
4ο ΕΙΔΙΚΟ ΔΗΜΟΤΙΚΟ ΣΧΟΛΕΙΟ ΘΕΣΣΑΛΟΝΙΚΗΣ,ΘΕΣΣΑΛΟΝΙΚΗΣ,K. ΜΑΖΑΡΑΚΗ 1,22-10-2020,
ΑΜΕΡΙΚΑΝΙΚΟ ΚΟΛΛΕΓΙΟ ΕΛΛΑΔΟΣ - ΙΔΙΩΤΙΚΟ ΓΕΝΙΚΟ ΛΥΚΕΙΟ,ΑΓΙΑΣ ΠΑΡΑΣΚΕΥΗΣ,Γραβιάς 6,26-10-2020,Αναστέλλει τη λειτουργία του το τμήμα B6
20ο ΗΜΕΡΗΣΙΟ ΓΕΝΙΚΟ ΛΥΚΕΙΟ ΑΘΗΝΩΝ,ΑΘΗΝΑΙΩΝ,ΖΥΜΠΡΑΚΑΚΗ 46 -48,25-10-2020,ΑΝΑΣΤΟΛΗ ΛΕΙΤΟΥΡΓΙΑΣ Γ' ΘΕΤΙΚΩΝ ΣΠΟΥΔΩΝ
1ο ΔΗΜΟΤΙΚΟ ΣΧΟΛΕΙΟ ΚΑΤΟΧΗΣ,ΙΕΡΑΣ ΠΟΛΗΣ ΜΕΣΟΛΟΓΓΙΟΥ,ΚΑΤΟΧΗ,28-10-2020,ΑΝΑΣΤΟΛΗ ΛΕΙΤΟΥΡΓΙΑΣ Α' και Ε' ΤΑΞΕΩΝ και ΟΛΟΗΜΕΡΟΥ
35ο ΔΗΜΟΤΙΚΟ ΣΧΟΛΕΙΟ ΑΘΗΝΩΝ,ΑΘΗΝΑΙΩΝ,ΚΩΛΕΤΤΗ 34,21-10-2020,Αναστέλλουν τη λειτουργία τους τα τμήματα Γ1 και Β2
ΗΜΕΡΗΣΙΟ ΓΕΝΙΚΟ ΛΥΚΕΙΟ ΕΡΥΜΑΝΘΕΙΑΣ ΑΧΑΪΑΣ,ΕΡΥΜΑΝΘΟΥ,ΕΡΥΜΑΝΘΕΙΑ,28-10-2020,ΑΝΑΣΤΟΛΗ ΛΕΙΤΟΥΡΓΙΑΣ Γ' ΤΑΞΗΣ
48ο ΓΥΜΝΑΣΙΟ ΑΘΗΝΩΝ,ΑΘΗΝΑΙΩΝ,Μ. ΚΟΡΑΚΑ 44,25-10-2020,Αναστέλλει τη λειτουργία του το τμήμα Γ2
70ο ΔΗΜΟΤΙΚΟ ΣΧΟΛΕΙΟ ΑΘΗΝΩΝ,ΑΘΗΝΑΙΩΝ,ΚΑΛΛΙΣΠΕΡΗ 1,27-10-2020,Αναστέλλει τη λειτουργία του το τμήμα Δ2
1ο ΓΕΝΙΚΟ ΛΥΚΕΙΟ ΠΕΥΚΩΝ ΘΕΣΣΑΛΟΝΙΚΗΣ,ΝΕΑΠΟΛΗΣ-ΣΥΚΕΩΝ,ΕΜΜΑΝΟΥΗΛ ΠΑΠΑ ΚΑΙ ΚΑΡΑΤΑΣΟΥ,22-10-2020,Αναστέλλουν τη λειτουργία τους τα τμήματα Β6 & ΒΘετ-5
7ο ΔΗΜΟΤΙΚΟ ΣΧΟΛΕΙΟ ΑΜΑΡΟΥΣΙΟΥ,ΑΜΑΡΟΥΣΙΟΥ,ΠΑΤΜΟΥ 3,26-10-2020,Αναστέλλει τη λειτουργία του το τμήμα Δ1
2ο ΝΗΠΙΑΓΩΓΕΙΟ ΓΛΥΚΩΝ ΝΕΡΩΝ,ΠΑΙΑΝΙΑΣ,ΤΡΙΦΥΛΛΙΑΣ ΚΑΙ ΑΡΓΟΣΤΟΛΙΟΥ,27-10-2020,Αναστέλλει τη λειτουργία του το 1ο Τμήμα Βασικό Υποχρεωτικό & Ολοήμερο
1ο ΕΕΕΕΚ ΚΟΖΑΝΗΣ - ΕΡΓΑΣΤΗΡΙΟ ΕΙΔΙΚΗΣ ΕΠΑΓΓΕΛΜΑΤΙΚΗΣ ΕΚΠΑΙΔΕΥΣΗΣ ΚΑΙ ΚΑΤΑΡΤΙΣΗΣ ΚΟΖΑΝΗΣ,ΚΟΖΑΝΗΣ,ΝΕΑ ΝΙΚΟΠΟΛΗ,23-10-2020,
7ο ΓΥΜΝΑΣΙΟ ΙΩΑΝΝΙΝΩΝ,ΙΩΑΝΝΙΤΩΝ,ΣΥΝΟΙΚΙΣΜΟΣ ΚΙΑΦΑΣ,24-10-2020,Αναστέλλει τη λειτουργία του το τμήμα Α1
ΗΜΕΡΗΣΙΟ ΓΥΜΝΑΣΙΟ ΒΕΛΙΣΣΑΡΙΟΥ ΙΩΑΝΝΙΝΩΝ,ΙΩΑΝΝΙΤΩΝ,ΚΕΡΚΥΡΑΣ 3,25-10-2020,
1ο ΕΠΑΛ ΑΜΑΛΙΑΔΑΣ,ΗΛΙΔΑΣ,ΤΕΡΜΑ ΝΑΥΑΡΙΝΟΥ,27-10-2020,Αναστέλλουν τη λειτουργία τους τα τμήματα ΓΚ & ΓΝ
7ο ΔΗΜΟΤΙΚΟ ΣΧΟΛΕΙΟ ΠΕΤΡΟΥΠΟΛΗΣ,ΠΕΤΡΟΥΠΟΛΕΩΣ,ΚΩΣΤΗ ΠΑΛΑΜΑ 189,23-10-2020,Αναστέλλει τη λειτουργία του το τμήμα Γ3
1ο ΓΕΝΙΚΟ ΛΥΚΕΙΟ ΡΑΦΗΝΑΣ,ΡΑΦΗΝΑΣ - ΠΙΚΕΡΜΙΟΥ,ΑΓΙΟΥ ΧΡΥΣΟΣΤΟΜΟΥ ΣΜΥΡΝΗΣ 10,24-10-2020,Αναστέλλουν τη λειτουργία τους τα τμήματα Β3 & ΒΘετ-1
"3ο ΓΕΝΙΚΟ ΛΥΚΕΙΟ ΙΩΑΝΝΙΝΩΝ - ""ΕΠΙΦΑΝΕΙΟΣ ΣΧΟΛΗ""",ΙΩΑΝΝΙΤΩΝ,ΕΠΙΚΤΗΤΟΥ 26,24-10-2020,Αναστέλλει τη λειτουργία του το τμήμα Α2
"ΔΗΜΟΤΙΚΟ ΣΧΟΛΕΙΟ ΑΝΑΤΟΛΙΚΟΥ "" Η ΒΑΛΜΑΔΑ""",ΔΕΛΤΑ,ΣΧΟΛΕΙΟΥ 2,22-10-2020,Αναστέλλει τη λειτουργία του το τμήμα Ε2
ΙΔΙΩΤΙΚΟ ΔΗΜΟΤΙΚΟ ΑΘΗΝΑ - ΣΧΟΛΗ ΧΙΛΛ,ΑΘΗΝΑΙΩΝ,ΘΟΥΚΥΔΙΔΟΥ 9,26-10-2020,Αναστέλλει τη λειτουργία του το τμήμα Γ1
ΔΗΜΟΤΙΚΟ ΣΧΟΛΕΙΟ ΑΓΙΟΥ ΓΕΩΡΓΙΟΥ ΗΜΑΘΙΑΣ,ΒΕΡΟΙΑΣ,Αγιος Γεώργιος.Ταμπακόπουλου 20.,26-10-2020,ΑΝΑΣΤΟΛΗ ΛΕΙΤΟΥΡΓΙΑΣ Δ' ΤΑΞΗΣ και ΤΜΗΜΑΤΟΣ ΕΝΤΑΞΗΣ
1ο ΔΗΜΟΤΙΚΟ ΣΧΟΛΕΙΟ ΠΑΝΟΡΑΜΑΤΟΣ,ΠΥΛΑΙΑΣ-ΧΟΡΤΙΑΤΗ,Χ. ΓΑΛΑΝΟΥ 10,21-10-2020,Αναστέλλει τη λειτουργία του το τμήμα Δ2
1ο ΓΕΝΙΚΟ ΛΥΚΕΙΟ ΤΡΙΚΑΛΩΝ,ΤΡΙΚΚΑΙΩΝ,ΤΕΡΜΑ ΚΟΝΔΥΛΗ,27-10-2020,"Αναστέλλουν τη λειτουργία τους τα τμήματα Β1, Β2 & Β3"
1ο ΕΠΑΛ ΚΟΡΥΔΑΛΛΟΥ - ΕΠΑΛ ΚΟΡΥΔΑΛΛΟΥ,ΚΟΡΥΔΑΛΛΟΥ,ΚΑΡΑΟΛΗ-ΔΗΜΗΤΡΙΟΥ 68-70,22-10-2020,Αναστέλλει τη λειτουργία του το τμήμα ΒΥΓ4
ΚΑΛΛΙΤΕΧΝΙΚΟ ΓΥΜΝΑΣΙΟ ΜΕ ΛΥΚΕΙΑΚΕΣ ΤΑΞΕΙΣ ΚΕΡΑΤΣΙΝΙΟΥ-ΔΡΑΠΕΤΣΩΝΑΣ,ΚΕΡΑΤΣΙΝΙ ΔΡΑΠΕΤΣΩΝΑ,ΕΛΕΥΘΕΡΙΟΥ ΒΕΝΙΖΕΛΟΥ 98,23-10-2020,Αναστέλλει τη λειτουργία του το τμήμα Β2
2ο ΓΕΝΙΚΟ ΛΥΚΕΙΟ ΛΙΒΑΔΕΙΑΣ,ΛΕΒΑΔΕΩΝ,ΡΟΥΜΕΛΗΣ,26-10-2020,"Αναστέλλουν τη λειτουργία τους τα τμήματα Α1, Γ1 και Γ1 Θετικής Κατεύθυνσης"
2ο ΓΥΜΝΑΣΙΟ ΛΙΒΑΔΕΙΑΣ,ΛΕΒΑΔΕΩΝ,ΡΟΥΜΕΛΗΣ ΚΑΙ ΠΛΑΤΑΙΩΝ,26-10-2020,Αναστέλλει τη λειτουργία του το τμήμα Β1
1ο ΓΕΝΙΚΟ ΛΥΚΕΙΟ ΚΑΣΤΟΡΙΑΣ,ΚΑΣΤΟΡΙΑΣ,ΠΕΡΙΟΧΗ ΧΛΟΗ,23-10-2020,"Αναστέλλουν τη λειτουργία τους τα τμήματα Γ2, Γ3, Γ Οικονομίας & Γ Θετικής "
1ο ΝΗΠΙΑΓΩΓΕΙΟ ΕΛΕΥΣΙΝΑΣ,ΕΛΕΥΣΙΝΑΣ,ΚΟΥΓΙΟΥΜΤΖΟΓΛΟΥ ΚΑΙ ΑΝ. ΤΣΟΚΑΝΗ,25-10-2020,Αναστέλλει τη λειτουργία του το Ολοήμερο τμήμα
1ο ΓΥΜΝΑΣΙΟ ΑΓΙΑΣ ΒΑΡΒΑΡΑΣ,ΑΓΙΑΣ ΒΑΡΒΑΡΑΣ,ΑΝΕΞΑΡΤΗΣΙΑΣ  42 ΚΑΙ ΚΕΡΚΥΡΑΣ,23-10-2020,Αναστέλλει τη λειτουργία του το τμήμα Γ3
ΙΔΙΩΤΙΚΟ ΓΕΛ ΠΕΙΡΑΙΑ - Ο ΑΓΙΟΣ ΠΑΥΛΟΣ,ΠΕΙΡΑΙΩΣ,ΧΑΡ. ΤΡΙΚΟΥΠΗ  36,25-10-2020,Αναστέλλει τη λειτουργία του το τμήμα Γ2 Υγείας
"2o ΓΥΜΝΑΣΙΟ ΑΜΕΡΙΚΑΝΙΚΟΥ ΚΟΛΛΕΓΙΟΥ ""ΑΝΑΤΟΛΙΑ""",ΘΕΣΣΑΛΟΝΙΚΗΣ,Τζον Κένεντι 60,25-10-2020,Αναστέλλει τη λειτουργία του το τμήμα Γ1
18ο ΔΗΜΟΤΙΚΟ ΣΧΟΛΕΙΟ ΣΕΡΡΩΝ,ΣΕΡΡΩΝ,ΧΑΡΙΛΑΟΥ ΤΡΙΚΟΥΠΗ 34,26-10-2020,Αναστέλλει τη λειτουργία του το τμήμα Γ2
ΜΟΥΣΙΚΟ ΣΧΟΛΕΙΟ ΙΩΑΝΝΙΝΩΝ,ΙΩΑΝΝΙΤΩΝ,ΚΩΝΣΤΑΝΤΙΝΟΥΠΟΛΕΩΣ 1,24-10-2020,ΑΝΑΣΤΟΛΗ ΛΕΙΤΟΥΡΓΙΑΣ Α' ΤΑΞΗΣ
3ο ΓΕΝΙΚΟ ΛΥΚΕΙΟ ΚΑΤΕΡΙΝΗΣ ΠΙΕΡΙΑΣ,ΚΑΤΕΡΙΝΗΣ,ΜΙΛΗΤΟΥ  1,22-10-2020,Αναστέλλει τη λειτουργία του το τμήμα Γ2
4ο ΝΗΠΙΑΓΩΓΕΙΟ ΠΟΛΙΧΝΗΣ,ΠΑΥΛΟΥ ΜΕΛΑ,ΛΕΩΦΟΡΟΣ ΣΤΡΑΤΟΥ 131,22-10-2020,Αναστέλλει τη λειτουργία του το πρώτο τμήμα 
ΔΗΜΟΤΙΚΟ ΣΧΟΛΕΙΟ ΦΡΙΞΑΣ,ΑΝΔΡΙΤΣΑΙΝΑΣ-ΚΡΕΣΤΕΝΩΝ,ΦΡΙΞΑ,22-10-2020,
4ο ΓΕΝΙΚΟ ΛΥΚΕΙΟ ΑΛΙΜΟΥ - ΜΑΚΡΥΓΙΑΝΝΕΙΟ,ΑΛΙΜΟΥ,ΥΨΗΛΑΝΤΟΥ - ΠΑΡΘΕΝΩΝΟΣ 2,23-10-2020,Αναστέλλει τη λειτουργία του το τμήμα Γ5
1ο ΕΠΑΛ ΑΝΩ ΛΙΟΣΙΩΝ,ΦΥΛΗΣ,ΚΩΝΣΤΑΝΤΙΝΟΥΠΟΛΕΩΣ 46,25-10-2020,"Αναστέλλουν τη λειτουργία τους τα τμήματα Β2, ΒΠ, ΒΥ1, ΚΑΙ ΒΥ2"
2ο ΗΜΕΡΗΣΙΟ ΕΠΑΛ ΚΟΖΑΝΗΣ,ΚΟΖΑΝΗΣ,ΑΝΔΡΕΑ ΚΑΛΒΟΥ 1  ΣΥΝΟΙΚΙΣΜΟΣ ΠΑΝΟΡΑΜΑ,21-10-2020,"Αναστέλλει τη λειτουργία του το τμήμα Β1 Τομέας Υγείας, Πρόνοιας και Ευεξίας"
4ο ΕΣΠΕΡΙΝΟ ΕΠΑΛ ΚΟΖΑΝΗΣ,ΚΟΖΑΝΗΣ,Κ.ΚΑΡΑΜΑΝΛΗ 26,25-10-2020,
4ο ΓΕΝΙΚΟ ΛΥΚΕΙΟ ΚΟΖΑΝΗΣ,ΚΟΖΑΝΗΣ,ΕΥΤΕΡΠΗΣ ΚΑΙ ΜΟΥΣΩΝ ΓΩΝΙΑ,23-10-2020,
64ο ΔΗΜΟΤΙΚΟ ΣΧΟΛΕΙΟ ΘΕΣΣΑΛΟΝΙΚΗΣ,ΘΕΣΣΑΛΟΝΙΚΗΣ,ΜΑΖΑΡΑΚΗ 1,22-10-2020,ΑΝΑΣΤΟΛΗ ΛΕΙΤΟΥΡΓΙΑΣ Α' ΤΑΞΗΣ
2ο ΔΗΜΟΤΙΚΟ ΣΧΟΛΕΙΟ ΠΕΡΑΙΑΣ,ΘΕΡΜΑΪΚΟΥ,ΤΕΡΜΑ Μ. ΑΛΕΞΑΝΔΡΟΥ,22-10-2020,Αναστέλλει τη λειτουργία του το τμήμα Γαλλικών έως και 20-10-2020 και το τμήμα E1 & το 3ο Τμήμα Ολοήμερου Προγράμματος έως και 22-10-2020
9ο ΔΗΜΟΤΙΚΟ ΣΧΟΛΕΙΟ ΝΙΚΑΙΑΣ,ΝΙΚΑΙΑΣ - ΑΓΙΟΥ Ι. ΡΕΝΤΗ,ΠΡΟΠΟΝΤΙΔΟΣ 1,22-10-2020,Αναστέλλει τη λειτουργία του το τμήμα Β2
ΙΔΙΩΤΙΚΟ ΔΗΜΟΤΙΚΟ Α.Δ. ΣΤΕΓΚΑ Ο.Ε.,ΚΕΡΑΤΣΙΝΙΟΥ - ΔΡΑΠΕΤΣΩΝΑΣ,ΜΙΚΡΑΣ ΑΣΙΑΣ  67,22-10-2020,Αναστέλλει τη λειτουργία του το τμήμα ΣΤ1 έως και 14-10-2020 και το τμήμα Γ2 έως και 22-10-2020
1ο ΓΥΜΝΑΣΙΟ ΚΟΥΦΑΛΙΩΝ,ΧΑΛΚΗΔΟΝΟΣ,ΘΕΜΙΣΤΟΚΛΕΟΥΣ 58,20-10-2020,Αναστέλλει τη λειτουργία του το τμήμα Γ2
49ο ΓΥΜΝΑΣΙΟ ΑΘΗΝΑΣ - ΔΗΜΟΦΙΛΟΣ,ΑΘΗΝΑΙΩΝ,ΤΣΟΥΝΤΑ & ΒΟΥΤΥΡΑ & ΚΗΠΩΝ,22-10-2020,Αναστέλλουν τη λειτουργία τους τα τμήματα Β3 & Β2/3 Αγγλικών
27ο ΔΗΜΟΤΙΚΟ ΣΧΟΛΕΙΟ ΠΕΙΡΑΙΑ,ΠΕΙΡΑΙΩΣ,ΑΓΧΙΑΛΟΥ 175,21-10-2020,Αναστέλλει τη λειτουργία του το τμήμα ΣΤ2
ΓΥΜΝΑΣΙΟ ΜΑΓΟΥΛΑΣ ΔΥΤΙΚΗΣ ΑΤΤΙΚΗΣ,ΕΛΕΥΣΙΝΑΣ,ΟΜΗΡΟΥ 4,20-10-2020,Αναστέλλει τη λειτουργία του το τμήμα Γ1
ΠΡΟΤΥΠΟ ΛΥΚΕΙΟ ΖΩΣΙΜΑΙΑΣ ΣΧΟΛΗΣ ΙΩΑΝΝΙΝΩΝ,ΙΩΑΝΝΙΤΩΝ,ΠΛΑΤ.ΑΡΧΙΕΠΙΣΚΟΠΟΥ ΣΠΥΡΙΔΩΝΟΣ,21-10-2020,Αναστέλλει τη λειτουργία του το τμήμα Α2
ΓΥΜΝΑΣΙΟ ΑΝΑΤΟΛΗΣ ΙΩΑΝΝΙΝΩΝ,ΙΩΑΝΝΙΤΩΝ,ΑΓΙΑΣ ΣΟΦΙΑΣ 13,23-10-2020,Αναστέλλουν τη λειτουργία τους τα τμήματα Α3 και Α4
3ο ΝΗΠΙΑΓΩΓΕΙΟ ΚΕΡΑΤΕΑΣ,ΛΑΥΡΕΩΤΙΚΗΣ,ΣΤΑΜΑΤΙΟΥ ΡΩΜΑ 6,25-10-2020,Αναστέλλει τη λειτουργία του το Πρωινό Τμήμα 2
1ο ΔΗΜΟΤΙΚΟ ΣΧΟΛΕΙΟ ΝΕΑΣ ΠΕΡΑΜΟΥ,ΜΕΓΑΡΕΩΝ,ΙΩΑΚΕΙΜ ΚΑΡΑΓΙΩΡΓΗ 1,25-10-2020,Αναστέλλει τη λειτουργία του το τμήμα Γ2 έως και 12-10-2020 και το τμήμα Δ2 έως και 25-10-2020
2ο ΔΗΜΟΤΙΚΟ ΣΧΟΛΕΙΟ ΚΑΤΟΧΗΣ,ΙΕΡΑΣ ΠΟΛΗΣ ΜΕΣΟΛΟΓΓΙΟΥ,ΑΡΧΑΙΑΣ ΟΙΝΙΑΔΟΣ 1,25-10-2020,"Αναστέλλουν τη λειτουργία τους τα τμήματα Δ1, Ε1, ΣΤ1 & ΖΕΠ"
ΔΗΜΟΤΙΚΟ ΣΧΟΛΕΙΟ ΠΕΡΙΟΧΗΣ ΒΑΘΥΛΑΚΚΟΥ,ΣΕΡΒΙΩΝ-ΒΕΛΒΕΝΤΟΥ,ΚΟΥΒΟΥΚΛΙΑ,21-10-2020,
4ο ΔΗΜΟΤΙΚΟ ΣΧΟΛΕΙΟ ΠΤΟΛΕΜΑΪΔΑΣ,ΕΟΡΔΑΙΑΣ,ΝΟΣΟΚΟΜΕΙΟΥ 33,21-10-2020,Αναστέλλει τη λειτουργία του το τμήμα ΣΤ1
10ο ΔΗΜΟΤΙΚΟ ΣΧΟΛΕΙΟ ΚΟΖΑΝΗΣ,ΚΟΖΑΝΗΣ,ΘΕΣΑΛΟΝΙΚΗΣ 33,23-10-2020,
1ο ΓΕΝΙΚΟ ΛΥΚΕΙΟ ΚΑΙΣΑΡΙΑΝΗΣ - ΜΑΡΙΟΣ ΧΑΚΚΑΣ,ΚΑΙΣΑΡΙΑΝΗΣ,ΗΡΩΣ ΚΩΝΣΤΑΝΤΟΠΟΥΛΟΥ 13Β,21-10-2020,Αναστέλλουν τη λειτουργία τους τα τμήματα Α1 & Γ Οικ.
8ο ΓΕΝΙΚΟ ΛΥΚΕΙΟ ΠΑΤΡΑΣ,ΠΑΤΡΕΩΝ,ΑΛΟΝΝΗΣΟΥ 109,25-10-2020,ΑΝΑΣΤΟΛΗ ΛΕΙΤΟΥΡΓΙΑΣ Γ' ΤΑΞΗΣ
ΙΔΙΩΤΙΚΟ ΓΥΜΝΑΣΙΟ ΠΕΙΡΑΙΑΣ - Ο ΑΓΙΟΣ ΠΑΥΛΟΣ,ΠΕΙΡΑΙΩΣ,ΧΑΡ. ΤΡΙΚΟΥΠΗ 36,22-10-2020,Αναστέλλει τη λειτουργία του το τμήμα Β2
1ο ΔΗΜΟΤΙΚΟ ΣΧΟΛΕΙΟ ΕΛΕΟΥΣΑΣ,ΖΙΤΣΑΣ,21ΗΣ ΦΕΒΡΟΥΑΡΙΟΥ ΕΛΕΟΥΣΑ ΙΩΑΝΝΙΝΩΝ,24-10-2020,Αναστέλλουν τη λειτουργία τους τα τμήματα Α1 & Β1
3ο ΔΗΜΟΤΙΚΟ ΣΧΟΛΕΙΟ ΜΑΡΜΑΡΩΝ,ΙΩΑΝΝΙΤΩΝ,ΚΟΣΜΑ ΑΙΤΩΛΟΥ και ΚΟΥΚΟΥΖΕΛΗ,24-10-2020,Αναστέλλει τη λειτουργία του το τμήμα Ε3
8ο ΔΗΜΟΤΙΚΟ ΣΧΟΛΕΙΟ ΙΩΑΝΝΙΝΩΝ,ΙΩΑΝΝΙΤΩΝ,ΔΩΔΩΝΗΣ 6,24-10-2020,"Αναστέλλουν τη λειτουργία τους τα τμήματα Α2, Δ1 & Ε1"
24ο ΔΗΜΟΤΙΚΟ ΣΧΟΛΕΙΟ ΙΩΑΝΝΙΝΩΝ,ΙΩΑΝΝΙΤΩΝ,ΑΝΘΟΥΠΟΛΗ ΙΩΑΝΝΙΝΩΝ,24-10-2020,"Αναστέλλουν τη λειτουργία τους τα τμήματα Γ1, Δ1, Δ2, ΣΤ1 & ΣΤ2"
ΓΕΝΙΚΟ ΛΥΚΕΙΟ ΣΚΥΔΡΑΣ - ΓΕΩΡΓΙΟΣ ΔΗΜΟΥ,ΣΚΥΔΡΑΣ,ΓΕΩΡΓΙΟΥ ΔΗΜΟΥ 11,20-10-2020,"Αναστέλλουν τη λειτουργία τους τα τμήματα Α2, ΒΘ3 & ΓΘΒ"
3ο ΓΥΜΝΑΣΙΟ ΕΔΕΣΣΑΣ ΠΕΛΛΑΣ,ΕΔΕΣΣΑΣ,Γ. ΡΙΤΣΟΥ 2Α - ΠΕΡΙΟΧΗ ΣΜΑΡΕΚΑ,20-10-2020,"Αναστέλλει τη λειτουργία του το τμήμα Γ1 έως και 13-10-2020, και τα τμήματα Β2, Β3, Γ3 & Γ4 έως και 20-10-2020"
2ο ΓΕΝΙΚΟ ΛΥΚΕΙΟ ΚΑΣΤΟΡΙΑΣ,ΚΑΣΤΟΡΙΑΣ,Λεωφ. Γουναράδων & Οδυσσέα Ελύτη - Χλόη,22-10-2020,Αναστέλλει τη λειτουργία του το τμήμα Γ3
ΝΗΠΙΑΓΩΓΕΙΟ ΚΑΛΗΣ,ΣΚΥΔΡΑΣ,ΚΑΛΗ,20-10-2020,
ΔΗΜΟΤΙΚΟ ΣΧΟΛΕΙΟ ΚΑΛΗΣ,ΣΚΥΔΡΑΣ,ΚΑΛΗ,20-10-2020,ΑΝΑΣΤΟΛΗ ΛΕΙΤΟΥΡΓΙΑΣ Δ' ΤΑΞΗΣ
6ο ΝΗΠΙΑΓΩΓΕΙΟ ΑΓΙΩΝ ΑΝΑΡΓΥΡΩΝ,ΑΓΙΩΝ ΑΝΑΡΓΥΡΩΝ - ΚΑΜΑΤΕΡΟΥ,Ν.ΚΟΡΩΝΑΙΟΥ 4,22-10-2020,
"ΑΜΕΡΙΚΑΝΙΚΟ ΚΟΛΛΕΓΙΟ ""ΑΝΑΤΟΛΙΑ"" 1ο ΙΔΙΩΤΙΚΟ ΓΥΜΝΑΣΙΟ",ΠΥΛΑΙΑΣ-ΧΟΡΤΙΑΤΗ,Τ.Θ. 21021 ΠΥΛΑΙΑ ΘΕΣΣΑΛΟΝΙΚΗ 55510,20-10-2020,Αναστέλλουν τη λειτουργία τους τα τμήματα Γ1 & Αγγλικών
5ο ΕΠΑΛ ΗΡΑΚΛΕΙΟΥ,ΗΡΑΚΛΕΙΟΥ,ΗΦΑΙΣΤΟΥ 7,22-10-2020,Αναστέλλει τη λειτουργία του το τμήμα B' Πληροφορικής
7ο ΔΗΜΟΤΙΚΟ ΣΧΟΛΕΙΟ ΚΑΣΤΟΡΙΑΣ,ΚΑΣΤΟΡΙΑΣ,ΠΛΑΤΕΙΑ   ΝΤΟΛΤΣΟΥ,20-10-2020,ΑΝΑΣΤΟΛΗ ΛΕΙΤΟΥΡΓΙΑΣ Α' ΤΑΞΗΣ
3ο ΓΕΝΙΚΟ ΛΥΚΕΙΟ ΣΤΑΥΡΟΥΠΟΛΗΣ ΘΕΣΣΑΛΟΝΙΚΗΣ,ΠΑΥΛΟΥ ΜΕΛΑ,ΠΕΡΙΚΛΕΟΥΣ 21,20-10-2020,Αναστέλλει τη λειτουργία του το τμήμα Β4 έως και 18-10-2020 και το τμήμα Γ4 έως και 20-10-2020
7ο ΔΗΜΟΤΙΚΟ ΣΧΟΛΕΙΟ ΚΟΖΑΝΗΣ,ΚΟΖΑΝΗΣ,ΑΥΛΩΝΑΣ 7,20-10-2020,ΑΝΑΣΤΟΛΗ ΛΕΙΤΟΥΡΓΙΑΣ ΣΤ' ΤΑΞΗΣ
26ο ΔΗΜΟΤΙΚΟ ΣΧΟΛΕΙΟ ΙΛΙΟΥ,ΙΛΙΟΥ (ΝΕΩΝ ΛΙΟΣΙΩΝ),ΕΥΑΓΓΕΛΙΣΤΡΙΑΣ ΚΑΙ ΦΛΕΒΑΣ,20-10-2020,Αναστέλλει τη λειτουργία του το τμήμα Β2
"4ο ΓΕΝΙΚΟ ΛΥΚΕΙΟ ΙΩΑΝΝΙΝΩΝ - ""ΑΚΑΔΗΜΙΑ""",ΙΩΑΝΝΙΤΩΝ,Δωδώνης 6,22-10-2020,Αναστέλλει τη λειτουργία του το τμήμα Α2
1ο ΕΠΑΛ ΑΓΙΩΝ ΑΝΑΡΓΥΡΩΝ,ΑΓΙΩΝ ΑΝΑΡΓΥΡΩΝ - ΚΑΜΑΤΕΡΟΥ,ΣΗΤΕΙΑΣ 4,21-10-2020,Αναστέλλει τη λειτουργία του το τμήμα ΒΥ'2
6ο ΔΗΜΟΤΙΚΟ ΣΧΟΛΕΙΟ ΙΩΑΝΝΙΝΩΝ-Ο ΙΩΑΝΝΗΣ ΚΩΛΕΤΤΗΣ,ΙΩΑΝΝΙΤΩΝ,ΜΑΝΩΛΗ ΤΡΙΑΝΤΑΦΥΛΛΙΔΗ 29,21-10-2020,Αναστέλλει τη λειτουργία του το τμήμα ΣΤ1 έως και 20-10-2020 και το τμήμα Δ1 έως και 21-10-2020
11ο ΓΥΜΝΑΣΙΟ ΑΧΑΡΝΩΝ,ΑΧΑΡΝΩΝ,ΗΡΩΩΝ ΠΟΛΥΤΕΧΝΕΙΟΥ ΚΑΙ ΔΙΟΜΗΔΟΥΣ  2,20-10-2020,Αναστέλλουν τη λειτουργία τους τα τμήματα Γ1 & Γ2
ΖΑΝΝΕΙΟ ΠΡΟΤΥΠΟ ΓΕΝΙΚΟ ΛΥΚΕΙΟ ΠΕΙΡΑΙΑ,ΠΕΙΡΑΙΩΣ,ΚΟΛΟΚΟΤΡΩΝΗ 6,20-10-2020,Αναστέλλουν τη λειτουργία τους τα τμήματα Γ2 & Γ Οικονομικών 1 
ΕΕΕΕΚ ΑΙΓΑΛΕΩ,ΑΙΓΑΛΕΩ,ΙΑΣΙΟΥ ΚΑΙ ΟΡΥΖΟΜΥΛΩΝ 15,22-10-2020,
ΙΔΙΩΤΙΚΟ ΓΥΜΝΑΣΙΟ Σ.ΑΥΓΟΥΛΕΑ -ΛΙΝΑΡΔΑΤΟΥ ΑΕΕ,ΠΕΡΙΣΤΕΡΙΟΥ,ΕΛ.ΒΕΝΙΖΕΛΟΥ  112-114,20-10-2020,"Αναστέλλουν τη λειτουργία τους τα τμήματα Γ4, ΧΓΒ2Α (Αγγλικών) & ΓΕΓΑ1 (Γερμανικών)"
7ο ΓΕΝΙΚΟ ΛΥΚΕΙΟ ΙΩΑΝΝΙΝΩΝ,ΙΩΑΝΝΙΤΩΝ,ΔΩΔΩΝΗΣ 33,21-10-2020,Αναστέλλει τη λειτουργία του μόνο το τμήμα Α3
3ο ΔΗΜΟΤΙΚΟ ΣΧΟΛΕΙΟ ΝΕΑΣ ΠΕΡΑΜΟΥ,ΜΕΓΑΡΕΩΝ,Ι.  ΚΑΡΑΓΙΩΡΓΗ 1,21-10-2020,ΑΝΑΣΤΟΛΗ ΛΕΙΤΟΥΡΓΙΑΣ ΣΤ' ΤΑΞΗΣ
2ο ΕΠΑΛ ΝΕΑΣ ΦΙΛΑΔΕΛΦΕΙΑΣ,ΦΙΛΑΔΕΛΦΕΙΑΣ - ΧΑΛΚΗΔΟΝΟΣ,ΘΕΣΣΑΛΟΝΙΚΗΣ 40 & ΛΑΧΑΝΑ,20-10-2020,Αναστέλλουν τη λειτουργία τους τα τμήματα Β1 & Β Υγείας 1
ΙΔΙΩΤΙΚΟ ΔΗΜΟΤΙΚΟ ΣΧΟΛΕΙΟ - ΕΡΑΣΜΕΙΟΣ ΕΛΛΗΝΟΓΕΡΜΑΝΙΚΗ ΣΧΟΛΗ Α.Ε.,ΠΑΛΛΗΝΗΣ,ΑΡΙΣΤΕΙΔΟΥ,20-10-2020,Αναστέλλει τη λειτουργία του το τμήμα Β7 έως και 15-10-2020 και το τμήμα Δ4 έως και 20-10-2020
1ο ΝΗΠΙΑΓΩΓΕΙΟ ΑΙΑΝΗΣ,ΚΟΖΑΝΗΣ,ΑΙΑΝΗ,21-10-2020,
ΓΥΜΝΑΣΙΟ ΑΓΙΩΝ ΘΕΟΔΩΡΩΝ,ΛΟΥΤΡΑΚΙΟΥ-ΑΓ.ΘΕΟΔΩΡΩΝ,ΑΓΙΟΙ ΘΕΟΔΩΡΟΙ,21-10-2020,Αναστέλλει τη λειτουργία του μόνο το τμήμα Γ1
ΙΔΙΩΤΙΚΟ ΔΗΜΟΤΙΚΟ ΣΧΟΛΕΙΟ ΕΚΠΑΙΔΕΥΤΗΡΙΑ ΜΠΑΚΟΓΙΑΝΝΗ,ΛΑΡΙΣΑΙΩΝ,ΠΕΡΙΦΕΡΕΙΑΚΗ ΛΑΡΙΣΑΣ ΤΡΙΚΑΛΩΝ,20-10-2020,Αναστέλλει τη λειτουργία του μόνο το τμήμα E1
3ο ΔΗΜΟΤΙΚΟ ΣΧΟΛΕΙΟ ΖΕΦΥΡΙΟΥ,ΦΥΛΗΣ,ΟΛΥΜΠΙΑΔΟΣ 28 ΚΑΙ ΣΟΛΩΜΟΥ,20-10-2020,Αναστέλλουν τη λειτουργία τους τα τμήματα Δ2 και Ε1
13ο ΔΗΜΟΤΙΚΟ ΣΧΟΛΕΙΟ ΠΑΤΡΩΝ,ΠΑΤΡΕΩΝ,ΑΓ ΤΡΙΑΔΑΣ 70,21-10-2020,"Αναστέλλει τη λειτουργία του το τμήμα Β2 έως και 15-10-2020, και η Α' ΤΑΞΗ έως και 21-10-2020"
20ο ΔΗΜΟΤΙΚΟ ΣΧΟΛΕΙΟ ΞΑΝΘΗΣ,ΞΑΝΘΗΣ,ΔΡΟΣΕΡΟ,20-10-2020,Αναστέλλει τη λειτουργία του μόνο το τμήμα Γ1
3ο ΓΕΝΙΚΟ ΛΥΚΕΙΟ ΜΥΤΙΛΗΝΗΣ,ΛΕΣΒΟΥ,ΣΤΡΑΤΗ ΜΥΡΙΒΗΛΗ 106,20-10-2020,Αναστέλλουν τη λειτουργία τους μόνο τα τμήματα Α2 και Γ Οικονομίας
